Code EPCI,Libellé EPCI,Catégorie A,Catégorie B,Catégorie C,Catégorie D,Catégorie E
200000172.0,CC Faucigny-Glières,1162,244,636,97,145
200000438.0,CC du Pays de Pontchâteau Saint-Gildas-des-Bois,1233,341,1140,175,172
200000545.0,CC des Portes de Romilly-sur-Seine,1591,246,430,118,109
200000628.0,CC Rhône Lez Provence,1662,352,742,133,202
200000800.0,CC Coeur de Sologne,378,108,236,35,57
200000925.0,CC de la Plaine Dijonnaise,634,195,512,82,58
200000933.0,CC Sauldre et Sologne,598,137,305,61,55
200004802.0,CC du Pays de Fayence,1464,303,405,95,294
200005932.0,CC des Portes de Sologne,526,118,297,53,49
200005957.0,CC de la Région de Rambervillers,687,125,283,58,71
200006682.0,"CA Beaune, Côte et Sud - Communauté Beaune-Chagny-Nolay",1854,530,1117,201,255
200006716.0,CC du Nogentais,836,152,333,73,64
200006930.0,CC du Haut-Allier,161,47,81,10,23
200006971.0,CC du Perche,903,242,432,115,85
200007052.0,CC de la Marche Berrichonne,173,45,71,14,16
200007177.0,CC Pays de Nérondes,239,38,68,17,21
200010650.0,CA du Grand Dole,2210,536,1130,396,138
200010700.0,CA Caux Seine Agglo,3870,886,2112,370,380
200011773.0,CA Annemasse-les Voirons-Agglomération,6154,894,1542,393,382
200011781.0,CC Portes du Berry entre Loire et Val d'Aubois,435,92,188,31,38
200012060.0,CC Petite Montagne,226,58,127,13,31
200013050.0,CC Sauer-Pechelbronn,581,132,273,60,50
200015162.0,CC de l'Oriente,334,27,70,18,38
200016905.0,CC du Pays de Lamastre,328,92,140,7,38
200017341.0,CC Lodévois et Larzac,1164,244,372,96,103
200017846.0,CA Étampois Sud-Essonne (CCESE),2494,481,886,186,273
200018083.0,CC de Desvres-Samer,897,259,498,114,137
200018166.0,CC Le Grésivaudan,3230,912,1787,298,442
200018406.0,CC du Romorantinais et du Monestois,1484,420,867,138,182
200018521.0,CC du Val de Bouzanne,224,62,102,15,17
200018653.0,CA Cap Excellence,13228,1053,1644,908,289
200022986.0,CC du Grand Pic Saint-Loup,2009,538,837,173,244
200023075.0,CC du Pays de Maîche,805,124,311,59,50
200023125.0,CC Les Portes Briardes entre Villes et Forêts,1691,263,658,142,224
200023240.0,CC Pays de Nemours,1571,287,561,99,159
200023299.0,CC Coeur de Tarentaise,412,85,214,18,40
200023307.0,CA du Grand Villeneuvois,2834,584,1252,336,335
200023372.0,CC de la Vallée de Chamonix-Mont-Blanc,468,199,324,38,69
200023414.0,Métropole Rouen Normandie,30397,6279,12754,2590,2467
200023620.0,CC de la Gascogne Toulousaine,585,177,432,73,159
200023737.0,CA du Grand Cahors,2524,544,991,295,296
200023778.0,CC du Pays de Saint-Gilles-Croix-de-Vie,2499,619,1310,251,406
200023794.0,CC de Blaye,1287,299,537,106,109
200023919.0,CC Gâtinais Val de Loing,953,184,332,53,85
200026573.0,CC Haut-Jura Saint-Claude,811,190,486,106,79
200027027.0,CC Arc Sud Bretagne,1092,307,612,123,129
200027076.0,CC Arnon Boischaut Cher,352,74,159,25,37
200027100.0,CC Méditerranée Porte des Maures,2930,498,820,173,410
200027183.0,CU Perpignan Méditerranée Métropole,21808,3592,6562,1873,1700
200027217.0,CC Sarlat-Périgord Noir,1103,195,360,124,119
200027308.0,CC d'Auberive Vingeanne et Montsaugeonnais,261,109,164,30,55
200027548.0,CC des Savanes,2947,243,338,176,145
200029734.0,CC des 4B Sud Charente,793,255,523,83,99
200029999.0,CC Rives de l'Ain - Pays du Cerdon,605,156,304,60,66
200030195.0,Métropole Nice Côte d'Azur,35085,6766,9881,2875,3640
200030385.0,CA de Blois Agglopolys,4932,1229,2780,547,519
200030435.0,CC d'Aire-sur-l'Adour,520,173,228,53,104
200030526.0,CC du Ried de Marckolsheim,734,160,372,57,49
200030633.0,CA du Caudrésis et du Catésis,4883,808,1661,545,321
200030658.0,CC du Trièves,363,147,205,33,50
200030674.0,CA Val de Garonne Agglomération,3142,737,1411,378,336
200032514.0,CC Berry-Loire-Vauvise,256,60,113,14,34
200033025.0,CA de Bar-le-Duc - Sud Meuse,1473,306,780,221,223
200033090.0,CC Plaines et Monts de France,827,111,306,65,113
200033116.0,CC Cluses-Arve et Montagnes,2593,532,1429,233,292
200033173.0,CC de la Haute Vallée de Chevreuse,688,140,217,68,98
200033181.0,CA Chartres Métropole,6688,1444,3232,647,617
200033207.0,CC Vierzon-Sologne-Berry,2473,392,783,186,136
200033298.0,CC des Coëvrons,911,245,565,92,121
200033579.0,CU d'Arras,5662,1175,2433,754,566
200033827.0,CC de Fium'orbu Castellu,853,90,100,76,70
200033868.0,CC des Ballons des Hautes-Vosges,769,165,324,61,114
200034023.0,CC Tarn-Agout,1199,321,695,113,182
200034031.0,CC des Monts d'Alban et du Villefranchois,233,48,106,27,49
200034049.0,CC Centre Tarn,427,117,224,64,99
200034056.0,CC du Lautrécois et du Pays d'Agout,580,171,346,83,102
200034064.0,CC du Cordais et du Causse (4 C),256,59,82,25,51
200034098.0,CC des Montagnes du Giffre,363,202,358,33,79
200034130.0,CC Gally Mauldre,676,128,191,42,111
200034197.0,CC de Montaigne Montravel et Gurson,623,147,280,41,93
200034205.0,CC de la Costa Verde,602,58,123,41,72
200034270.0,CC du Pays de Barr,892,192,495,102,92
200034379.0,CC Pays d'Uzès,1581,343,467,87,214
200034411.0,CC du Piémont Cévenol,1378,370,477,111,165
200034601.0,CC Causses Aigoual Cévennes,403,99,88,16,24
200034635.0,CC du Kochersberg,600,165,386,70,58
200034692.0,CA du Gard Rhodanien,4503,878,1812,335,463
200034700.0,CA Durance-Lubéron-Verdon Agglomération,4040,898,1495,349,396
200034718.0,"CC de Vitry, Champagne et Der",1150,325,602,140,166
200034726.0,CC Bastides de Lomagne,349,114,205,45,79
200034825.0,CA du Grand Guéret,1267,265,572,156,135
200034833.0,CC des Bastides Dordogne-Périgord,823,189,319,69,139
200034874.0,CC Côtes de Meuse Woëvre,237,55,112,17,40
200034882.0,CC Pays du Mont-Blanc,1261,467,925,122,191
200034957.0,CC du Frontonnais,1018,239,670,98,203
200035087.0,CA Terre de Provence,3522,669,1348,297,430
200035103.0,CC de la Vallée de la Haute-Sarthe,258,83,123,34,30
200035111.0,CC des Sources de l'Orne,442,91,212,56,38
200035129.0,CC de Cèze Cévennes,1610,236,392,66,155
200035137.0,CC Marche Occitane - Val d'Anglin,250,71,93,26,18
200035202.0,CC Charlieu-Belmont,817,219,530,71,154
200035319.0,CA Var Estérel Méditerranée (Cavem),7750,1258,2150,536,1041
200035327.0,CC Cazals-Salviac,230,60,93,20,28
200035442.0,CC du Sud-Artois,1101,215,709,113,190
200035459.0,CA d'Agen,4792,1219,2476,672,669
200035533.0,CC du Grand Saint-Émilionnais,776,162,308,60,87
200035541.0,CC des Landes d'Armagnac,491,96,228,31,68
200035632.0,CC Armagnac Adour,238,80,148,18,55
200035665.0,CA Seine Eure,3896,888,2139,445,325
200035707.0,CC Piège Lauragais Malepère,773,190,295,85,120
200035715.0,CA Carcassonne Agglo,6976,1443,2504,719,836
200035723.0,CC Ventoux Sud,610,121,174,25,49
200035731.0,CA Roannais Agglomération,4983,1106,2414,450,626
200035756.0,CC Astarac Arros en Gascogne,223,64,126,19,62
200035764.0,CC de la Beauce Loirétaine,456,113,427,48,57
200035772.0,CC du Pays du Saintois,405,110,240,49,54
200035814.0,CA Flers Agglo,2517,671,1291,331,240
200035848.0,CC du Châtillonnais en Berry,222,52,83,13,12
200035855.0,CC Castelnaudary Lauragais Audois,1401,347,581,191,163
200035863.0,"CC Région Lézignanaise, Corbières et Minervois",1914,411,777,138,223
200035970.0,CC Vexin Centre,862,162,311,75,138
200036069.0,CC du Pays de Mortagne-au-Perche,471,149,226,56,45
200036077.0,CC du Golfe de Saint-Tropez,6200,760,932,209,413
200036135.0,CC Coeur de France,960,196,355,90,89
200036150.0,CC des Hauts du Val de Saône,353,80,127,37,19
200036465.0,CC de Thann-Cernay,1758,407,791,181,132
200036473.0,CA de Saintes,2866,783,1450,313,298
200036499.0,CC de Marana-Golo,1253,149,270,161,201
200036523.0,CC des Bastides en Haut-Agenais Périgord,670,195,359,66,114
200036549.0,CC Val de Gray,854,212,526,129,101
200036572.0,CC Porte d'Aquitaine en Pays de Serres,209,66,112,21,26
200037059.0,CC de la Haute-Somme,1710,361,848,125,109
200037133.0,CC du Provinois,1745,298,594,250,125
200038958.0,CC de la Pieve de l'Ornano,693,83,124,46,68
200038990.0,CC de Saint-Méen Montauban,839,199,680,127,151
200039022.0,CA Vitré Communauté,2707,732,2193,427,423
200039055.0,CC Ouche et Montagne,334,121,194,32,42
200039063.0,"CC Forêts, Seine et Suzon",173,53,97,21,23
200039204.0,CC de Lacq-Orthez,2020,634,1226,253,360
200039519.0,CC du Quercy Blanc,362,91,143,32,47
200039642.0,CC Le Tonnerrois en Bourgogne,732,145,259,79,53
200039709.0,CC du Serein,217,53,98,26,19
200039758.0,"CC Avallon, Vézelay, Morvan",804,188,294,84,72
200039808.0,CC des Gorges de l'Ardèche,1549,260,411,43,66
200039824.0,CC Ardèche des Sources et Volcans,634,146,258,35,38
200039832.0,CC Pays des Vans en Cévennes,742,153,186,32,36
200039857.0,CA du Pays de Grasse,5719,1149,1735,441,827
200039865.0,Metz Métropole,12773,2509,4829,1516,1094
200039907.0,CC du Sud Messin,462,103,267,72,82
200039915.0,CA Cannes Pays de Lérins,12275,2428,3158,802,1116
200039931.0,CC Alpes d'Azur,407,72,140,17,43
200039949.0,CC Rives de Moselle,2395,468,1171,240,256
200040038.0,CC Saône Doubs Bresse,382,115,310,55,60
200040095.0,CC Isle Vern Salembre en Périgord,796,214,387,92,120
200040111.0,CC Coeur de Chartreuse,564,163,302,51,93
200040137.0,CC des Lacs de Champagne,409,87,169,32,24
200040178.0,CC de l'Outre-Forêt,551,140,284,53,35
200040202.0,CC Provence Verdon,1191,322,466,111,179
200040210.0,CC Lacs et Gorges du Verdon,574,89,127,15,92
200040244.0,CA du Bocage Bressuirais,2548,754,2058,357,325
200040251.0,CC Bassée-Montois,1039,190,383,73,89
200040277.0,CA du Pays de Dreux,7090,1269,2722,647,561
200040293.0,CC du Clunisois,427,161,273,37,34
200040350.0,CC Bugey Sud,1334,350,820,173,99
200040384.0,CC Isle Double Landais,693,123,256,50,76
200040392.0,CA Le Grand Périgueux,5421,1221,2103,616,673
200040400.0,CC du Pays Ribéracois,820,215,321,85,118
200040418.0,CC du Pays de Serres en Quercy,474,101,145,36,44
200040426.0,CC du Val de l'Oise,845,184,416,83,89
200040442.0,CA Luberon Monts de Vaucluse,4142,770,1556,299,394
200040459.0,CA Montélimar Agglomération,4044,842,1822,391,356
200040475.0,CC Loué - Brûlon - Noyen,586,183,490,63,99
200040491.0,CC Porte de Drômardèche,2557,594,1268,153,254
200040509.0,CC du Crestois et de Pays de Saillans Coeur de Drôme,1178,361,466,123,126
200040558.0,CC Écueillé-Valençay,383,93,168,41,28
200040566.0,CA de l'Ouest Rhodanien,2035,480,1136,208,283
200040574.0,CC Beaujolais Pierres Dorées,1520,387,831,176,433
200040590.0,CA Villefranche Beaujolais Saône,3729,789,1747,324,562
200040624.0,CC Pays d'Apt-Luberon,1987,421,585,125,223
200040657.0,CC de la Matheysine,753,173,315,46,100
200040681.0,CC Enclave des Papes-Pays de Grignan,1281,332,596,90,174
200040715.0,Métropole Grenoble-Alpes-Métropole,21845,4989,8531,2138,2039
200040764.0,CC du Sud Corse,2590,133,127,104,174
200040772.0,CC du Perche et Haut Vendômois,317,63,181,41,30
200040798.0,CC Val Vanoise,211,73,180,11,46
200040814.0,CC Briance Sud Haute Vienne,272,89,193,39,28
200040830.0,CC du Pays de Fénelon,534,115,196,43,73
200040889.0,CC de Portes Sud Périgord,389,95,127,34,70
200040905.0,CC Carmausin-Ségala,1627,347,638,184,218
200040947.0,CC de Flandre Intérieure,3653,952,2042,492,565
200040954.0,CC des Hauts de Flandre,1993,513,1038,201,244
200041010.0,CC Coeur de Savoie,1233,367,828,115,237
200041051.0,CC Vallée de la Dordogne et Forêt Bessède,477,115,141,47,72
200041150.0,CC du Terrassonnais en Périgord Noir Thenon Hautefort,975,269,451,130,208
200041168.0,CC de la Vallée de l'Homme,898,227,263,62,173
200041283.0,CC de la Plaine du Rhin,558,106,175,42,33
200041317.0,CA du Niortais,4851,1214,2701,839,432
200041325.0,CC du Pays Rhénan,1143,274,641,125,85
200041333.0,CC de Parthenay-Gâtine,1311,469,910,217,129
200041366.0,CC Rhône Crussol,1329,311,756,102,192
200041416.0,CC Airvaudais-Val du Thouet,238,54,140,26,18
200041440.0,CC de Domme - Villefranche du Périgord,515,101,139,36,74
200041465.0,CC Val Eyrieux,477,125,247,21,77
200041499.0,CC Aunis Atlantique,1229,347,903,136,163
200041507.0,CA La Riviera du Levant,8242,738,1100,490,206
200041515.0,CC du Bassin de Pont-à-Mousson,1887,353,870,239,161
200041523.0,CC de la Haute-Saintonge,3310,881,1695,275,357
200041556.0,CC Portes de la Creuse en Marche,282,65,112,20,24
200041572.0,CC Dronne et Belle,475,116,187,40,76
200041614.0,CC Aunis Sud,1455,379,848,150,207
200041622.0,CC Ardennes Thiérache,521,90,166,37,55
200041630.0,CA Ardenne Métropole,8215,1540,2673,818,468
200041689.0,CC des Vals de Saintonge,2771,733,1353,227,248
200041721.0,CC de la Haute Comté,811,180,370,73,60
200041762.0,CA Rochefort Océan,3364,914,1707,446,390
200041788.0,CA du Pays Nord Martinique,10544,1197,1717,670,640
200041853.0,CC du Pays de Montbozon et du Chanois,184,50,115,48,17
200041861.0,CC du Triangle Vert,398,101,199,45,41
200041879.0,CC Terres de Saône,461,124,249,70,38
200041887.0,CC du Val Marnaysien,392,103,308,57,51
200041960.0,CC Pévèle-Carembault,3205,693,1737,322,488
200041994.0,CC Haut Val de Sèvre,954,280,656,146,90
200042000.0,CC Bruyères-Vallons des Vosges,683,170,328,86,95
200042174.0,CA Lorient Agglomération,9375,2361,5118,1329,1087
200042182.0,CC du Mont des Avaloirs,557,140,285,33,97
200042190.0,CA de la Porte du Hainaut,11606,1820,4302,1075,964
200042372.0,CC des Coteaux Arrats Gimone,299,110,218,44,79
200042414.0,CC Bresse Revermont 71,339,71,191,33,36
200042463.0,CC de la Montagne Noire,346,78,120,32,36
200042497.0,CC Dombes Saône Vallée,1211,273,624,137,300
200042604.0,"CC de Granville, Terre et Mer",1957,502,886,174,181
200042620.0,CC de la Région de Suippes,247,53,140,14,28
200042646.0,CC Grand Orb,1367,249,363,108,114
200042653.0,CC Sud-Hérault,1104,253,394,83,137
200042703.0,CC de l'Argonne Champenoise,492,100,179,29,71
200042729.0,CC de la Baie du Cotentin,813,261,488,65,76
200042901.0,CC Drôme Sud Provence,2533,557,1186,174,227
200042935.0,CA Haut - Bugey Agglomération,3037,789,1768,371,339
200042943.0,CC du Cap Corse,419,38,48,25,38
200042992.0,CC Perthois-Bocage et Der,161,54,112,23,48
200043016.0,CC Val de Charente,723,186,269,54,99
200043065.0,CC du Val d'Amboise,1584,369,798,100,161
200043081.0,"CC Chinon, Vienne et Loire",1258,283,564,144,89
200043123.0,CC Auray Quiberon Terre Atlantique,4442,1142,2055,433,616
200043156.0,CC du Pays Rethélois,1274,324,617,144,164
200043172.0,CA du Bassin de Brive,4795,1274,2511,574,784
200043263.0,CC Coeur de l'Avesnois,2032,280,602,168,207
200043321.0,CC du Pays de Mormal,2231,440,852,219,361
200043354.0,CC de Villedieu Intercom,570,166,303,55,51
200043396.0,CA Maubeuge Val de Sambre,10512,1299,3000,1291,931
200043404.0,CC du Sud Avesnois,2226,263,524,245,270
200043438.0,CC de la Moivre à la Coole,230,70,160,42,58
200043495.0,CA du Pays de Laon,3127,505,1038,398,243
200043602.0,"CC des Albères, de la Côte Vermeille et de l'Illibéris",5153,737,1239,303,330
200043628.0,CC des Vallées du Clain,603,218,531,112,108
200043693.0,CC Terre Lorraine du Longuyonnais,599,98,223,53,53
200043776.0,CC Pyrénées Audoises,788,170,241,51,116
200043974.0,CC du Sud Gironde,2386,634,1063,222,207
200043982.0,CC du Bazadais,781,226,369,81,74
200043990.0,CC Vallons de Haute-Bretagne Communauté,1524,501,1106,183,233
200044014.0,CC Creuse Grand Sud,617,172,227,64,85
200044030.0,CC des Sept Vallées,1329,292,614,206,179
200044048.0,CC Osartis Marquion,1630,350,1147,199,206
200044253.0,CC du Bassin de Joinville en Champagne,582,146,280,39,98
200044394.0,CC du Réolais en Sud Gironde,1375,348,590,126,122
200044469.0,CC du Pays de Mirepoix,597,143,215,55,81
200044618.0,CA du Douaisis (C.A.D.),10195,1995,4763,1026,771
200044691.0,CA du Nord Grande Terre,7463,567,1044,488,240
200046977.0,Métropole de LYON,28816,7364,11588,2472,2846
200046977.0,Métropole de Lyon,48771,9824,19905,3863,5190
200048551.0,CC du Pays de Craon,821,209,621,129,137
200049187.0,CA du Grand Verdun,1569,247,533,238,198
200049211.0,CC Conflent-Canigó,1577,300,460,166,153
200049484.0,CC Berry Grand Sud,570,99,194,30,60
200054781.0,Métropole du Grand Paris,411008,82293,117676,23579,33048
200054807.0,Métropole d'Aix-Marseille-Provence,121919,23132,39655,10682,12011
200055481.0,CC Beauce Val de Loire,652,223,523,76,86
200055655.0,CA Roissy Pays de France,23066,3244,6699,1475,1328
200055887.0,CC Mayenne Communauté,1202,280,767,198,215
200056232.0,CA Communauté Paris-Saclay,12361,2168,4543,968,1255
200056380.0,CA Plaine Vallée,8665,1329,2721,615,957
200057859.0,CA Coeur d'Essonne Agglomération,8509,1507,3512,753,882
200057958.0,CA Paris - Vallée de la Marne,10934,1858,3797,868,960
200058360.0,CC Entre Beauce et Perche,696,193,407,86,74
200058477.0,CA Val d'Yerres Val de Seine,8212,1405,2864,633,648
200058485.0,CA Val Parisis,13030,2112,4121,888,1525
200058519.0,CA Saint-Germain Boucles de Seine,13784,2481,4118,934,1601
200058782.0,CA de Saint-Quentin-en-Yvelines,10600,1938,3685,878,857
200059228.0,CA Grand Paris Sud Seine Essonne Sénart,19045,3303,7198,1692,1482
200059392.0,CC Bièvre Isère,1974,564,1192,180,335
200059400.0,CC Porte Océane du Limousin,1019,299,552,117,119
200059889.0,CU Grand Paris Seine et Oise,25359,4080,8026,1607,1893
200060010.0,CA Mauges Communauté,3537,1158,3222,550,848
200065563.0,CC Normandie-Cabourg-Pays d'Auge,1442,344,647,106,152
200065589.0,CC Val ès Dunes,674,180,441,73,84
200065597.0,CU Caen la Mer,15283,3572,6589,1559,1488
200065647.0,CA Pays de Montbéliard Agglomération,7997,1382,3799,684,751
200065787.0,CC de Pont-Audemer / Val de Risle,1728,392,745,140,163
200065886.0,CA Loire Forez Agglomération,3811,1021,2484,388,612
200065894.0,CC de Forez-Est,1928,527,1320,226,351
200065928.0,CA Lannion-Trégor Communauté,4465,1127,1937,483,448
200066009.0,CA Mulhouse Alsace Agglomération,18359,3229,5772,1494,1132
200066017.0,CC Lieuvin Pays d'Auge,804,209,465,78,80
200066025.0,CC Pays Rhin - Brisach,1108,220,536,92,75
200066033.0,CC Sud Alsace Largue,874,198,331,93,69
200066041.0,CC Sundgau,1911,347,642,164,99
200066058.0,CA Saint-Louis Agglomération,4010,647,1192,241,168
200066108.0,CC des Portes de Meuse,574,124,391,70,100
200066116.0,CC Argonne-Meuse,264,46,96,21,66
200066124.0,CA Gaillac-Graulhet,3868,1005,1920,372,517
200066132.0,CC du Pays de Stenay et du Val Dunois,463,79,155,40,81
200066140.0,CC de l'Aire à l'Argonne,207,43,104,30,35
200066157.0,CC de Commercy - Void - Vaucouleurs,1156,234,486,161,158
200066165.0,CC Val de Meuse - Voie Sacrée,326,70,164,53,55
200066173.0,CC de Damvillers Spincourt,319,68,122,28,42
200066223.0,CC Arize Lèze,638,145,208,45,94
200066231.0,CC des Portes d'Ariège Pyrénées,2413,469,795,197,377
200066280.0,CC du Pithiverais,1397,343,860,123,112
200066322.0,CC Terres des Confluences,3318,648,1293,249,230
200066330.0,CC Terres du Haut Berry,934,199,527,114,122
200066348.0,CC du Minervois au Caroux,989,197,263,45,108
200066355.0,CA Sète Agglopôle Méditerranée,9008,1885,2839,741,965
200066363.0,CC de la Haute Ariège,362,105,192,23,39
200066371.0,CC Causses et Vallée de la Dordogne,2201,595,978,141,228
200066389.0,CA Saint-Lô Agglo,2631,836,1708,318,301
200066405.0,CC Roumois Seine,1230,330,920,109,123
200066413.0,CC Intercom Bernay Terres de Normandie,2632,634,1316,203,177
200066462.0,CC Interco Normandie Sud Eure,1765,447,880,121,176
200066512.0,CC Élan Limousin Avenir Nature,957,269,615,127,154
200066520.0,CC Ouest Limousin,387,129,219,33,46
200066553.0,CC des Monts de Lacaune et de la Montagne du Haut Languedoc,311,77,124,15,63
200066561.0,CC Sidobre Vals et Plateaux,569,138,237,55,117
200066587.0,CC des Monts du Lyonnais,914,298,631,117,224
200066603.0,CC du Pays de Lubersac-Pompadour,285,72,152,16,49
200066637.0,CC Hautes Terres Communauté,308,120,165,45,84
200066645.0,CC Vézère-Monédières-Millesources,148,41,75,15,34
200066652.0,CC Grand Sud Tarn et Garonne,2011,432,1183,249,253
200066660.0,CC Saint-Flour Communauté,617,169,302,97,173
200066678.0,CC de la Châtaigneraie Cantalienne,554,148,313,56,57
200066710.0,CC Cingal-Suisse Normande,934,302,604,94,79
200066728.0,CC Vallées de l'Orne et de l'Odon,699,227,557,86,105
200066744.0,CC Haute-Corrèze Communauté,1111,267,558,151,192
200066751.0,CC Xaintrie Val'Dordogne,403,103,177,33,73
200066769.0,CC Midi Corrézien,473,147,251,46,91
200066777.0,CC Ploërmel Communauté,1701,492,1100,210,119
200066785.0,CC de l'Oust à Brocéliande,1444,417,938,157,123
200066793.0,CA du Grand Annecy,8070,1920,4042,709,1118
200066801.0,CC Isigny-Omaha Intercom,990,298,516,99,123
200066819.0,CC du Volvestre,1426,343,739,125,251
200066827.0,CC du Pays de Honfleur-Beuzeville,1403,342,532,117,171
200066835.0,CC de Sézanne-Sud Ouest Marnais,928,250,457,96,99
200066850.0,CC des Paysages de la Champagne,688,219,435,71,114
200066868.0,CC Presqu'île de Crozon-Aulne maritime,1160,264,499,106,102
200066876.0,CA de Châlons-en-Champagne,3830,992,1716,408,385
200066884.0,CC Quercy Vert-Aveyron,1104,270,543,126,125
200066892.0,CC de Vendeuvre-Soulaines,338,95,203,27,37
200066918.0,CA Alès Agglomération,9693,1628,2864,693,1052
200066926.0,CA Grand Auch Coeur de Gascogne,1635,361,758,166,322
200066975.0,CC Senlis Sud Oise,924,207,354,92,116
200067023.0,CC Coutances Mer et Bocage,1644,560,1001,170,182
200067031.0,CC Côte Ouest Centre Manche,754,236,564,68,77
200067049.0,CC Spelunca-Liamone,666,40,48,14,30
200067064.0,CC Decazeville Communauté,791,185,329,126,78
200067072.0,CC Haut-Léon Communauté,1436,355,755,156,187
200067080.0,"CC Chablis, Villages et Terroirs",487,117,263,54,60
200067106.0,CA du Pays Basque,14839,4014,6836,1758,2665
200067114.0,CA de l'Auxerrois,3020,685,1365,356,297
200067122.0,CC Coteaux et Plaines du Pays Lafrançaisain,525,130,284,66,54
200067130.0,CC de Puisaye-Forterre,1349,317,575,92,153
200067155.0,"CC Saint Affricain, Roquefort, Sept Vallons",573,123,256,81,49
200067163.0,"CC Monts, Rance et Rougier",237,58,103,27,22
200067171.0,"CC Aubrac, Carladez et Viadène",252,64,95,18,48
200067189.0,CC Creuse Sud Ouest,573,153,216,44,65
200067197.0,CC Monts d'Arrée Communauté,397,104,177,25,36
200067205.0,CA du Cotentin,6591,1731,3546,713,621
200067213.0,CU du Grand Reims,15556,3671,6538,1529,1634
200067221.0,CC Centre Morbihan Communauté,1671,456,1033,220,227
200067239.0,CC des Luys en Béarn,883,288,618,152,125
200067247.0,CC Pleyben-Châteaulin-Porzay,950,232,571,128,92
200067254.0,CA Pau Béarn Pyrénées,7680,2133,3919,1175,754
200067262.0,CC du Haut-Béarn,1480,448,684,160,244
200067288.0,CC du Béarn des Gaves,673,182,324,67,143
200067296.0,CC du Nord Est Béarn,1088,308,684,140,156
200067304.0,CC Serein et Armance,1056,234,573,89,80
200067320.0,CC Serre-Ponçon Val d'Avance,348,118,197,41,24
200067346.0,CA Pornic Agglo Pays de Retz,2542,684,1496,252,301
200067361.0,CC Grand-Figeac,1759,453,697,188,276
200067379.0,CC Côtes de Champagne et Val de Saulx,439,133,275,54,68
200067429.0,CC Haut Nivernais-Val d'Yonne,459,89,212,27,73
200067437.0,CA Provence-Alpes-Agglomération,2883,578,1122,297,190
200067445.0,CC Buëch-Dévoluy,437,154,266,58,37
200067452.0,CC du Guillestrois et du Queyras,283,230,455,28,53
200067460.0,CC Loudéac Communauté - Bretagne Centre,2073,446,1267,244,163
200067478.0,CC Comtal Lot et Truyère,536,146,288,48,86
200067486.0,CC Bouzonvillois-Trois Frontières,883,164,355,68,75
200067502.0,CA Saint-Avold Synergie,2926,568,1226,287,171
200067510.0,CC Monts et Vallées Ouest Creuse,896,216,364,90,105
200067544.0,CC Creuse Confluence,704,160,303,67,79
200067551.0,CA Thonon Agglomération,4419,805,1633,292,468
200067593.0,CC Marche et Combraille en Aquitaine,528,116,218,36,79
200067627.0,CC Billom Communauté,955,217,603,96,112
200067635.0,CA Clisson Sèvre et Maine Agglo,1568,608,1382,240,335
200067643.0,"CC Meurthe, Mortagne, Moselle",659,143,320,92,66
200067650.0,CC Houve-Pays Boulageois,765,203,446,87,95
200067668.0,"CC de la Cléry, du Betz et de l'Ouanne",1029,213,447,62,62
200067676.0,CC Canaux et Forêts en Gâtinais,1301,258,609,95,107
200067684.0,"CA Épernay, Coteaux et Plaine de Champagne",2218,648,1144,241,262
200067692.0,CC Tannay-Brinon-Corbigny,344,73,123,19,46
200067700.0,CC Sud Nivernais,728,153,427,87,56
200067742.0,CC Serre-Ponçon,746,353,628,75,92
200067759.0,CC Vallées et Plateau d'Ardenne,1443,249,504,122,161
200067767.0,CC du Royans-Vercors,412,147,255,31,41
200067783.0,CC de Hanau-La Petite Pierre,891,232,505,124,114
200067791.0,CA Pays Foix-Varilhes,1729,412,616,190,274
200067817.0,CC Saône-Beaujolais,1585,417,963,173,289
200067825.0,CA Gap-Tallard-Durance,2355,620,1110,371,219
200067841.0,CC de l'Alsace Bossue,934,260,434,108,120
200067866.0,CC Sèvre et Loire,1445,491,1276,214,242
200067874.0,CA de Haguenau,4070,825,2049,423,267
200067882.0,CC Bazois Loire Morvan,545,107,208,48,44
200067890.0,CC Morvan Sommets et Grands Lacs,454,98,172,47,48
200067908.0,CC Amognes Coeur du Nivernais,280,71,141,26,25
200067916.0,"CC Loire, Vignobles et Nohain",1029,237,491,108,102
200067924.0,CC du Canton d'Erstein,1623,355,914,159,185
200067932.0,CA Golfe du Morbihan - Vannes Agglomération,7476,1965,3848,898,946
200067940.0,CC Couserans-Pyrénées,2125,445,603,108,204
200067957.0,CC Haut Chemin-Pays de Pange,501,128,271,85,102
200067965.0,CA de la Région de Compiègne et de la Basse Automne,4221,967,1932,448,362
200067973.0,CC Thelloise,2434,466,1103,228,221
200067981.0,CA Guingamp-Paimpol Agglomération de l'Armor à l'Argoat,3596,820,1698,425,344
200067999.0,CA du Beauvaisis,6302,1124,2527,700,419
200068005.0,CC de l'Oise Picarde,943,204,568,111,87
200068047.0,CA Creil Sud Oise,6364,1058,2200,520,385
200068070.0,CC Loue-Lison,792,192,476,80,63
200068088.0,CC Les Bertranges,669,151,376,56,70
200068096.0,CC Champsaur-Valgaudemar,431,183,385,50,45
200068104.0,CA de la Provence Verte,5496,1168,2120,466,858
200068112.0,CC du Pays de Saverne,1399,300,764,196,155
200068120.0,CA Quimper Bretagne Occidentale,4738,1145,2645,631,661
200068146.0,CC Sarrebourg Moselle Sud,1806,435,852,285,304
200068229.0,CC des Baronnies en Drôme Provençale,1383,372,515,66,115
200068278.0,CC Berry Loire Puisaye,972,186,374,64,75
200068294.0,CC des Deux Vallées Vertes,623,144,355,34,60
200068369.0,CC de Mirecourt Dompaire,694,176,362,71,97
200068377.0,CC de la Porte des Vosges Méridionales,1596,313,661,120,259
200068435.0,CC Coeur du Perche,369,121,231,30,31
200068443.0,CC Andaine - Passais,513,123,217,35,41
200068450.0,CC Argentan Intercom,1411,385,681,185,148
200068468.0,CC des Pays de L'Aigle,1197,310,500,149,103
200068484.0,CC des Causses à l'Aubrac,489,123,220,65,58
200068500.0,CA de Cambrai,5241,960,2211,598,442
200068534.0,CC Terroir de Caux,1363,388,893,127,158
200068542.0,CC Les Balcons du Dauphiné,2966,672,1544,202,418
200068559.0,CC de l'Ouest Vosgien,1001,217,510,121,159
200068567.0,CC Les Vals du Dauphiné,2565,552,1321,196,327
200068625.0,CC Alpes-Provence-Verdon - Sources de Lumière,633,140,252,24,46
200068641.0,CA Le Muretain Agglo,5588,1311,3118,575,883
200068658.0,"CA de Chaumont, du Bassin Nogentais et du Bassin de Bologne Vignory Froncles",1870,448,899,206,232
200068666.0,CA de Saint-Dizier Der et Blaise,2995,673,1371,307,353
200068674.0,CA Grand Lac,3128,782,1516,280,545
200068682.0,CC Terre d'Eau,905,212,453,83,119
200068757.0,CA d'Épinal,5862,1128,2239,685,801
200068765.0,CC du Sisteronais-Buëch,1398,319,548,115,128
200068773.0,CC des Vosges côté Sud Ouest,509,116,204,48,83
200068781.0,CA Valence Romans Agglo,13025,2902,5880,1097,1165
200068799.0,CC Intercom de la Vire au Noireau,1972,556,1134,174,216
200068807.0,CC Bassin Auterivain Haut-Garonnais,1381,346,831,159,248
200068815.0,CC Coeur de Garonne,1519,372,840,146,278
200068831.0,CC Pays Ségali,516,126,317,90,51
200068856.0,CC des Hauts du Perche,354,97,139,31,37
200068864.0,CC de la Mossig et du Vignoble,729,194,498,79,92
200068872.0,CC Éguzon - Argenton - Vallée de la Creuse,904,236,359,71,54
200068880.0,CC Champagne Boischauts,333,91,208,30,41
200068914.0,CC La Rochefoucauld - Porte du Périgord,860,221,475,116,88
200068922.0,CC du Confluent et des Coteaux de Prayssas,1173,294,598,108,124
200068930.0,CC Fumel Vallée du Lot,1178,283,563,97,165
200068948.0,CC Albret Communauté,1205,338,717,103,177
200068955.0,CC Anjou Loir et Sarthe,1089,358,864,130,136
200068963.0,CC Maine Coeur de Sarthe,595,161,503,82,107
200068989.0,CA Dinan Agglomération,4129,1111,2521,543,679
200068997.0,CA Arlysère,2088,611,1096,177,290
200069003.0,CC du Barséquanais en Champagne,791,249,406,73,127
200069029.0,CA des Deux Baies en Montreuillois,3329,764,1255,433,445
200069037.0,CA du Pays de Saint-Omer,5359,1248,2563,595,487
200069052.0,CA Grand Belfort,5872,958,2484,512,430
200069060.0,CC des Vosges du Sud,583,77,272,51,70
200069086.0,CC Leff Armor Communauté,1274,325,780,140,168
200069094.0,CC Isle et Crempse-en-Périgord,649,179,259,66,110
200069102.0,CC Randon - Margeride,119,40,76,18,32
200069110.0,CA du Grand Chambéry,5834,1463,2790,744,850
200069128.0,CC Mont Lozère,244,57,82,14,46
200069136.0,CC des Cévennes au Mont Lozère,257,69,75,13,31
200069144.0,CC des Hautes Terres de l'Aubrac,129,28,55,17,24
200069151.0,CC Gorges Causses Cévennes,369,96,112,41,55
200069169.0,CC Dômes Sancy Artense,384,133,236,27,39
200069177.0,CC Mond'Arverne Communauté,1250,362,754,145,158
200069185.0,CC des Terres d'Apcher-Margeride-Aubrac,305,73,165,28,40
200069193.0,CC de la Dombes,1185,239,680,145,224
200069227.0,CC Pays Fort Sancerrois Val de Loire,711,181,339,60,52
200069235.0,CC du Haut Pays du Montreuillois,582,149,283,70,92
200069250.0,CA Troyes Champagne Métropole,11769,2067,4179,1056,1192
200069268.0,CC Aubrac Lot Causses Tarn,243,67,154,28,55
200069300.0,CA Tarbes-Lourdes-Pyrénées,8438,1571,2861,810,781
200069383.0,CC du Grand Villefranchois,1121,294,465,159,199
200069391.0,CA de Lamballe Terre et Mer,2301,646,1654,309,357
200069409.0,CA Saint-Brieuc Armor Agglomération,7413,1730,4006,938,698
200069417.0,CC Pays d'Orthe et Arrigans,1142,323,616,122,226
200069425.0,CA Mont-Saint-Michel-Normandie,3121,787,1581,247,205
200069433.0,CC de Vezouze en Piémont,613,139,205,65,40
200069441.0,CC du Pays de Bitche,1409,301,520,116,117
200069458.0,CC des Vallées d'Auge et du Merlerault,649,154,265,72,77
200069482.0,CC des Campagnes de l'Artois,1051,284,701,106,136
200069516.0,CC Seulles Terre et Mer,513,133,264,62,68
200069524.0,CC Pré-Bocage Intercom,968,272,569,97,136
200069532.0,CA Lisieux Normandie,3337,911,1636,392,379
200069540.0,CC Norge et Tille,330,106,243,52,47
200069565.0,CC des Lacs et Montagnes du Haut-Doubs,706,155,312,48,64
200069581.0,CC Convergence Garonne,1570,438,849,158,191
200069599.0,CC Rurales de l'Entre-deux-Mers,721,259,411,78,75
200069615.0,CC Bresse Haute Seille,563,165,340,92,73
200069623.0,CC Champagnole Nozeroy Jura,782,187,400,87,86
200069631.0,CC Terres de Chalosse,738,194,456,103,147
200069649.0,CC Chalosse Tursan,912,229,616,91,176
200069656.0,CC Coeur Haute Lande,991,208,468,99,164
200069664.0,CC Meuse Rognon,335,67,218,31,44
200069672.0,CC du Ternois,1593,345,715,191,188
200069698.0,CC Mâconnais - Tournugeois,699,171,446,82,53
200069722.0,CC Interrégionale Aumale - Blangy-sur-Bresle,965,254,511,73,134
200069730.0,CC des Quatre Rivières,1208,333,684,98,127
200069748.0,CC Val de Gâtine,709,198,532,93,85
200069755.0,CC Mellois-en-Poitou,1463,435,955,173,173
200069763.0,CC du Haut-Poitou,1275,452,1049,201,157
200069821.0,CA Fécamp Caux Littoral Agglomération,1960,475,987,241,177
200069839.0,CC de la Côte d'Albâtre,1139,321,590,69,86
200069847.0,CC Plateau de Caux-Doudeville-Yerville,845,212,513,69,109
200069854.0,CU du Grand Poitiers,7888,2338,4221,1421,839
200069912.0,CC des Forêts du Perche,363,74,149,25,33
200069953.0,CC des Portes Euréliennes d'Île-de-France,1782,439,939,164,155
200069961.0,CC du Grand Châteaudun,1786,382,801,207,140
200069995.0,CC Médoc Coeur de Presqu'île,2019,399,822,147,199
200070035.0,CC du Civraisien en Poitou,876,295,493,99,101
200070043.0,CC Vienne et Gartempe,1221,397,734,171,217
200070068.0,CC Communauté Bray-Eawy,936,234,434,80,82
200070092.0,CA du Libournais,5769,1210,2340,508,529
200070100.0,CC du Val de Sully,951,267,591,103,95
200070118.0,CC Val de Saône Centre,616,159,406,61,134
200070126.0,CC Seine et Aube,443,98,218,38,62
200070142.0,CC Lyons Andelle,874,233,577,88,118
200070159.0,CC Coeur de Beauce,974,200,560,69,82
200070167.0,CC Terres de Perche,713,146,314,69,67
200070183.0,CC des Terres du Val de Loire,1631,442,1203,180,194
200070233.0,"CC Terres-de-Montaigu, communauté de communes Montaigu-Rocheservière",1324,445,1220,233,318
200070282.0,CC Lavalette Tude Dronne,678,176,324,66,70
200070290.0,CC Coeur du Pays Haut,1020,161,371,86,102
200070308.0,CA Mâconnais Beaujolais Agglomération,3828,1003,2345,427,247
200070316.0,"CC Entre Arroux, Loire et Somme",836,230,410,120,86
200070324.0,CC du Territoire de Lunéville à Baccarat,2273,399,883,240,215
200070332.0,CC des Savoir-Faire,574,157,294,47,79
200070340.0,CC Haute-Maurienne Vanoise,214,110,154,21,20
200070365.0,CC Corbières Salanque Méditerranée,1550,292,502,141,176
200070373.0,CC Loir-Lucé-Bercé,1144,309,594,207,119
200070407.0,CA Pays d'Issoire,2504,687,1646,214,247
200070431.0,CC Saint-Marcellin Vercors Isère Communauté,1804,489,1113,194,271
200070449.0,CC Inter-Caux-Vexin,1574,378,996,154,280
200070464.0,CC Coeur de Maurienne Arvan,475,173,297,27,49
200070506.0,CC Pays de Nexon Monts de Chalus,352,149,243,57,67
200070514.0,CA du Grand Cognac,3137,977,1911,333,266
200070530.0,CC du Grand Autunois Morvan,1592,458,870,167,118
200070548.0,CC La Clayette Chauffailles en Brionnais,453,129,318,73,65
200070555.0,CC de la Veyle,677,203,459,83,90
200070563.0,CC Terres Touloises,1872,437,898,295,151
200070571.0,CC Coeur de Berry,315,79,163,52,36
200070589.0,CC de Seille et Grand Couronné,539,126,314,81,54
200070647.0,CA Bergeracoise,3382,913,1359,358,491
200070662.0,CC Bretagne porte de Loire Communauté,998,290,791,143,174
200070670.0,CC du Pays de Dol et de la Baie du Mont-Saint-Michel,874,262,545,114,119
200070688.0,CC Couesnon Marches de Bretagne,696,194,514,83,81
200070712.0,CC Thiers Dore et Montagne,2220,519,1036,113,277
200070720.0,CC Médoc Atlantique,2134,377,594,104,219
200070738.0,CC Mad et Moselle,714,145,355,98,83
200070746.0,CA Sarreguemines Confluences,3214,657,1188,318,293
200070753.0,CA Riom Limagne et Volcans,2554,624,1483,349,350
200070761.0,CC Ambert Livradois Forez,1180,273,549,94,123
200070779.0,CC Brie des Rivières et Châteaux,1157,224,545,94,171
200070787.0,CC du Plateau de Lannemezan,777,190,359,95,99
200070795.0,CC du Pays de Trie et du Magnoac,214,70,106,32,26
200070803.0,CC des Coteaux du Val-d'Arros,405,95,220,66,75
200070811.0,CC Pyrénées Vallées des Gaves,761,217,390,62,126
200070829.0,CC Neste Barousse,271,72,134,28,54
200070845.0,CC Orne Lorraine Confluences,2632,476,1119,277,302
200070852.0,CC Usses et Rhône,753,140,339,56,44
200070894.0,CC de Gevrey-Chambertin et de Nuits-Saint-Georges,837,252,580,75,111
200070902.0,CC Auxonne Pontailler Val de Saône,891,245,510,96,64
200070910.0,CC Tille et Venelle,167,51,121,20,12
200070928.0,CC Terre de Picardie,988,221,510,88,78
200070936.0,CC Ponthieu-Marquenterre,1605,346,709,128,131
200070944.0,CC du Vimeu,1146,231,630,93,65
200070951.0,CC du Territoire Nord Picardie,1575,356,759,128,141
200070969.0,CC Avre Luce Noye,787,207,568,100,103
200070977.0,CC du Grand Roye,1447,341,758,168,145
200070985.0,CC de l'Est de la Somme,1224,237,721,140,100
200070993.0,CA de la Baie de Somme,2988,610,1102,354,249
200071017.0,CC des Terres d'Auxois,577,179,292,77,37
200071025.0,CC Haute-Provence-Pays de Banon,557,166,230,40,67
200071033.0,CC Jabron-Lure-Vançon-Durance,249,64,105,34,24
200071041.0,CC du Chaourçois et du Val d'Armance,457,101,209,31,65
200071058.0,CC Les Avant-Monts,1577,313,608,152,255
200071066.0,CA de Saint-Dié-des-Vosges,4423,886,1930,371,427
200071074.0,CC Les Portes de l'Ile de France,1038,188,388,71,89
200071082.0,CA Montluçon Communauté,3593,748,1445,244,291
200071116.0,CA ECLA (Espace Communautaire Lons Agglomération),1467,354,689,223,207
200071140.0,CA Moulins Communauté,3162,670,1357,394,277
200071157.0,CC des Hautes-Vosges,1528,467,736,164,292
200071165.0,CA Les Sables d'Olonne Agglomération,2491,636,1165,211,380
200071173.0,CC du Pays Arnay Liernais,238,64,119,23,29
200071181.0,CC Somme Sud-Ouest,1651,387,900,130,149
200071199.0,CC Plaine Limagne,846,207,490,83,115
200071207.0,CC de Pouilly-en-Auxois/Bligny-sur-Ouche,304,80,139,32,42
200071215.0,CC Chavanon Combrailles et Volcans,389,105,241,44,51
200071223.0,CC Nièvre et Somme,1484,323,782,139,120
200071298.0,CC des Terres du Lauragais,1408,438,935,168,253
200071314.0,CC des Hauts Tolosans,1405,351,826,129,256
200071363.0,CA Vichy Communauté,4530,1036,2065,392,478
200071371.0,CC Bresse et Saône,732,195,570,87,86
200071389.0,CC Saint-Pourçain Sioule Limagne,1443,334,765,131,172
200071405.0,CC Ardèche Rhône Coiron,1361,269,627,96,123
200071413.0,CA Privas Centre Ardèche,2240,501,936,247,342
200071454.0,CA Evreux Portes de Normandie,6244,1246,2994,577,598
200071470.0,CC Entr'Allier Besbre et Loire,1056,294,502,99,124
200071496.0,CC du Bocage Bourbonnais,597,147,220,75,70
200071504.0,CC des Collines du Perche Normand,416,136,282,39,38
200071512.0,CC Commentry Montmarault Néris Communauté,1196,282,541,101,121
200071520.0,CC Domfront Tinchebray Interco,573,135,322,46,64
200071538.0,CC Terres de Bresse,835,234,594,73,60
200071546.0,CC Sud Retz Atlantique,1247,384,909,136,198
200071553.0,CC Loire Layon Aubance,1958,671,1562,263,266
200071579.0,CC Bresse Louhannaise Intercom',1185,259,635,109,89
200071587.0,CC Loches Sud Touraine,2208,612,1072,207,299
200071595.0,"CC Arbois, Poligny, Salins, Coeur du Jura",644,230,401,81,75
200071629.0,CC Challans-Gois Communauté,2057,528,1341,272,293
200071645.0,CC Saint Cyr Mère Boitier entre Charolais et Mâconnais,238,92,176,28,16
200071652.0,CC du Pays Fertois et du Bocage Carrougien,178,36,77,12,14
200071678.0,CA du Choletais,4256,1105,2894,545,500
200071751.0,CA du Bassin de Bourg-en-Bresse,5283,1337,2724,772,693
200071769.0,CC Picardie des Châteaux,881,183,406,75,77
200071777.0,"CC d'Arcis, Mailly, Ramerupt",533,123,275,44,48
200071785.0,CA Chauny-Tergnier-La Fère,3725,643,1361,368,256
200071819.0,CC du Périgord Nontronnais,517,176,223,65,90
200071827.0,CA du Grand Angoulême,8051,1910,3713,668,649
200071843.0,CC du Vexin Normand,1692,307,799,142,157
200071850.0,CC du Pithiverais-Gâtinais,1149,301,638,82,85
200071868.0,CC des Vallées du Haut-Anjou,1165,448,1049,185,178
200071876.0,CA Saumur Val de Loire,5572,1443,3167,636,604
200071884.0,CC Le Grand Charolais,1449,451,833,238,163
200071892.0,CA du Saint-Quentinois,6365,1084,1963,521,372
200071900.0,CC Vendée Grand Littoral,1710,442,817,132,212
200071918.0,CC du Pays de Saint-Fulgent - Les Essarts,723,230,766,100,142
200071926.0,CC du Limouxin,1589,347,614,131,252
200071934.0,CC Pays de Fontenay-Vendée,1740,421,917,217,215
200071942.0,CC Haut Limousin en Marche,851,230,368,78,120
200071967.0,CC Pays d'Évian Vallée d'Abondance,1855,424,857,126,250
200071983.0,CC Thiérache Sambre et Oise,1231,201,380,123,94
200071991.0,CC Retz-en-Valois,1574,334,817,109,115
200072007.0,CC de la Montagne d'Ardèche,176,34,56,s.s,s.s
200072015.0,CA Annonay Rhône Agglo,2336,602,1316,167,197
200072023.0,CC Coeur de Charente,973,239,434,90,119
200072031.0,CA de la Région de Château-Thierry,3237,687,1417,275,440
200072049.0,CC de Charente Limousine,1457,343,707,156,144
200072056.0,CC Porte du Jura,367,106,190,40,31
200072064.0,CC Val-de-Cher-Controis,1893,518,1117,175,242
200072072.0,CA Territoires Vendômois,2156,590,1269,328,194
200072080.0,CC du Pays de Saint-Éloy,635,135,282,52,104
200072098.0,CC Combrailles Sioule et Morge,693,191,432,87,99
200072106.0,CC Adour Madiran,1085,277,507,125,144
200072130.0,CA du Pays de Meaux,5811,910,1970,351,410
200072304.0,CC Vallée de l'Ubaye - Serre-Ponçon,348,161,317,22,31
200072312.0,CA Seine Normandie Agglomération,4109,883,1841,368,439
200072320.0,CC Val de Gers,287,81,151,32,57
200072346.0,CA du Pays de Fontainebleau,2737,596,873,201,336
200072452.0,CA Fougères Agglomération,1996,538,1276,305,224
200072460.0,"CA de Béthune-Bruay, Artois-Lys Romane",14707,2980,6627,1681,1260
200072478.0,CC Pays d'Opale,1258,313,636,183,124
200072544.0,CC des Deux Morin,1191,191,417,153,129
200072635.0,CC Pyrénées Haut Garonnaises,738,220,324,53,121
200072643.0,CC Coeur et Coteaux du Comminges,2075,420,866,193,332
200072650.0,CC Touraine Vallée de l'Indre,1749,519,1178,233,243
200072668.0,CC Touraine Val de Vienne,1095,305,554,122,121
200072676.0,CC Maine Saosnois,1201,323,728,124,174
200072684.0,CC Le Gesnois Bilurien,1031,313,735,236,200
200072692.0,CC des Vallées de la Braye et de l'Anille,546,144,329,202,63
200072700.0,CC Haute Sarthe Alpes Mancelles,923,219,527,85,153
200072718.0,CC de la Champagne Conlinoise et du Pays de Sillé,728,201,435,76,141
200072726.0,CC Châteaubriant-Derval,1804,477,1111,221,209
200072734.0,CC Estuaire et Sillon,1161,358,1095,146,222
200072825.0,CC Mirebellois et Fontenois,312,91,255,50,40
200072874.0,CC Val Briard,918,151,417,83,159
200072882.0,CC de Vie et Boulogne,1527,424,1265,227,314
200072981.0,CC Touraine Ouest Val de Loire,1358,373,832,124,161
200072999.0,CC du Grand Langres,839,203,489,107,147
200073013.0,CC Carnelle Pays-De-France,1044,189,374,96,167
200073096.0,CA Arche Agglo,2941,677,1561,212,290
200073104.0,CC de l'Île-Rousse - Balagne,792,76,81,51,91
200073112.0,CC Sud Sarthe,1020,267,684,112,117
200073120.0,CC Nebbiu - Conca d'Oro,498,50,55,30,43
200073138.0,CC Pasquale Paoli,284,31,37,25,16
200073146.0,CC Cagire Garonne Salat,782,229,349,73,152
200073161.0,CC Touraine-Est Vallées,1316,369,829,152,191
200073237.0,CC de Gâtine et Choisilles - Pays de Racan,715,233,535,95,121
200073245.0,CC du Bassin d'Aubenas,2748,565,1110,189,169
200073252.0,CC de la Castagniccia-Casinca,699,75,134,54,74
200073260.0,CC Sud Vendée Littoral,2557,628,1278,265,429
200073344.0,CA Rambouillet Territoires,2637,516,922,172,311
200073393.0,CC des Rives du Haut-Allier,580,192,387,73,86
200073401.0,CC Mézenc-Loire-Meygal,352,105,256,49,35
200073419.0,CA du Puy-en-Velay,3544,825,1849,358,391
200073427.0,CC Marches du Velay-Rochebaron,1174,286,810,186,145
200077014.0,CA Vienne Condrieu,3821,831,1739,349,496
200077055.0,CA Coulommiers Pays de Brie,3392,626,1162,279,386
200083392.0,CA de Laval Agglomération,4292,1116,3045,598,630
200084952.0,CU du Havre Seine Métropole,16928,3478,6808,1668,1014
200085728.0,CC de Brioude Sud Auvergne,695,182,578,112,90
200085751.0,CC d'Entre Bièvre et Rhône,3257,673,1412,249,282
240100610.0,CC de la Côtière à Montluel,873,192,484,104,142
240100750.0,CA du Pays de Gex,4040,541,1153,176,313
240100800.0,CC de Miribel et du Plateau,818,171,426,101,158
240100883.0,CC de la Plaine de l'Ain,3207,703,1813,372,394
240100891.0,CC du Pays Bellegardien (CCPB),1101,186,517,97,89
240200444.0,CC de la Thiérache du Centre,1569,287,553,204,186
240200469.0,CC du Pays de la Serre,841,190,436,68,67
240200477.0,CA GrandSoissons Agglomération,3898,624,1414,418,262
240200493.0,CC du Pays du Vermandois,1786,393,801,196,146
240200501.0,CC du Val de l'Aisne,1020,226,452,96,81
240200519.0,CC du Canton d'Oulchy-le-Château,261,64,133,27,34
240200576.0,CC de la Champagne Picarde,955,224,531,82,62
240200584.0,CC du Canton de Charly-sur-Marne,719,149,346,58,119
240200592.0,CC du Chemin des Dames,284,46,146,22,23
240200600.0,CC des Trois Rivières,1596,219,360,134,184
240200634.0,CC des Portes de la Thiérache,451,78,160,29,34
240300491.0,CC du Pays de Lapalisse,355,94,187,36,64
240300558.0,CC du Pays de Tronçais,345,85,119,22,42
240300566.0,CC du Val de Cher,225,57,118,19,34
240300657.0,CC du Pays d'Huriel,304,81,159,19,41
240400440.0,CC Pays Forcalquier et Montagne de Lure,635,158,223,42,69
240500439.0,CC du Briançonnais,860,515,1017,110,132
240500462.0,CC du Pays des Ecrins,271,155,275,37,45
240600551.0,CA de la Riviera Française,3995,684,1190,265,470
240600585.0,CA de Sophia Antipolis,10983,1937,2970,699,1862
240600593.0,CC du Pays des Paillons,1173,218,381,91,191
240700302.0,CC du Pays Beaume-Drobie,686,168,212,30,43
240700617.0,CC Val de Ligne,478,101,169,28,33
240700716.0,CC du Val d'Ay,177,57,121,18,19
240700815.0,CC Berg et Coiron,464,115,213,36,45
240700864.0,CC du Rhône aux Gorges de l'Ardèche,1317,253,498,69,100
240800821.0,"CC Ardenne, Rives de Meuse",1924,341,568,118,225
240800847.0,CC des Portes du Luxembourg,918,208,513,77,93
240800862.0,CC des Crêtes Préardennaises,831,212,420,106,140
240800920.0,CC de l'Argonne Ardennaise,685,145,268,48,100
240900431.0,CC du Pays de Tarascon,488,97,171,42,61
240900464.0,CC du Pays d'Olmes,1012,171,329,86,139
241000223.0,"CC Forêts, Lacs, Terres en Champagne",255,60,150,38,41
241000405.0,CC de la Région de Bar-sur-Aube,575,160,236,35,38
241000447.0,CC du Pays d'Othe,438,74,144,36,36
241000488.0,CC de l'Orvin et de l'Ardusson,362,87,177,24,38
241100593.0,CA Le Grand Narbonne,9895,1727,3126,908,1106
241200187.0,CA Rodez Agglomération,2127,503,1167,336,205
241200542.0,CC du Réquistanais,151,38,55,21,17
241200567.0,CC de Millau Grands Causses,1675,391,673,208,110
241200625.0,CC du Pays Rignacois,143,41,82,23,27
241200641.0,CC Conques-Marcillac,397,112,167,42,45
241200658.0,CC du Pays de Salars,186,61,135,39,33
241200674.0,CC du Plateau de Montbazens,172,41,91,23,43
241200765.0,CC de Lévézou Pareloup,116,38,56,14,15
241200807.0,CC Aveyron Bas Ségala Viaur,178,64,101,24,34
241200906.0,CC Larzac et Vallées,281,49,81,15,18
241200914.0,CC de la Muse et des Raspes du Tarn,214,46,82,18,19
241300375.0,CC Vallée des Baux-Alpilles (CC VBA),1422,289,505,96,222
241300417.0,CA d'Arles-Crau-Camargue-Montagnette,6557,1247,2403,524,600
241400415.0,CC Coeur Côte Fleurie,1115,294,394,58,135
241400514.0,CC du Pays de Falaise,1192,387,694,87,157
241400555.0,CC de Bayeux Intercom,1377,334,583,146,146
241400860.0,CC Coeur de Nacre,1022,225,449,77,103
241400878.0,CC Terre d'Auge,671,211,312,66,99
241500230.0,CA du Bassin d'Aurillac,1742,411,1038,237,180
241500255.0,CC du Pays Gentiane,156,55,68,17,40
241500271.0,CC du Pays de Mauriac,179,53,111,22,41
241501055.0,CC Sumène - Artense,253,64,135,23,43
241501089.0,CC Cère et Goul en Carladès,142,62,113,13,18
241501139.0,CC du Pays de Salers,220,65,129,19,33
241600303.0,CC du Rouillacais,393,149,280,43,41
241700434.0,CA de la Rochelle,9315,2394,4304,1056,940
241700459.0,CC de l'Île de Ré,1188,252,290,57,79
241700517.0,CC Charente-Arnoult-Coeur de Saintonge,672,213,438,66,92
241700624.0,CC de l'Île d'Oléron,1621,300,523,107,133
241700632.0,CC de Gémozac et de la Saintonge Viticole,647,186,435,66,90
241700640.0,CA Royan Atlantique,4724,1152,1858,283,516
241700699.0,CC du Bassin de Marennes,735,236,400,70,111
241800325.0,CC Les Villages de la Forêt,215,40,94,27,20
241800374.0,CC La Septaine,401,92,243,48,47
241800424.0,CC Le Dunois,290,46,133,33,45
241800432.0,CC Les Trois Provinces,273,42,71,20,20
241800457.0,CC Fercher Pays Florentais,501,107,265,59,49
241800507.0,CA Bourges Plus,5768,1132,2168,564,462
241900133.0,CC de Ventadour - Egletons - Monédières,380,97,198,37,66
241927201.0,CA Tulle Agglo,1662,416,793,298,264
241927243.0,CC du Pays d'Uzerche,288,79,145,26,44
242000354.0,CA de Bastia,2368,315,423,281,303
242000495.0,CC de l'Alta Rocca,609,44,38,25,43
242000503.0,CC Celavu-Prunelli,426,63,88,39,74
242010056.0,CA du Pays Ajaccien,3990,466,766,392,525
242010130.0,CC du Sartenais Valinco Taravo,921,53,61,51,64
242020071.0,CC du Centre Corse,394,48,57,30,22
242020105.0,CC de Calvi Balagne,1441,84,88,55,114
242100154.0,CC des Vallées de la Tille et de l'Ignon,393,122,292,63,40
242100410.0,Dijon Métropole,13085,3067,5982,1542,964
242101434.0,CC du Pays Châtillonnais,824,192,454,103,67
242101442.0,CC de Saulieu,200,63,81,22,22
242101459.0,CC du Pays d'Alésia et de la Seine,261,67,138,40,15
242101491.0,CC du Montbardois,510,102,218,55,35
242101509.0,CC Rives de Saône,774,193,437,103,99
242200715.0,CC du Kreiz-Breizh (CCKB),809,197,372,99,62
242400752.0,CC Périgord-Limousin,591,143,234,68,72
242400935.0,CC du Pays de Saint-Aulaye,328,66,126,26,33
242401024.0,CC Isle-Loue-Auvézère en Périgord,456,119,204,50,67
242500320.0,CC de Montbenoît,217,48,132,26,22
242500338.0,CC du Grand Pontarlier,1379,261,715,116,105
242500361.0,CA du Grand Besançon,9973,1963,4189,1089,659
242504116.0,CC du Val de Morteau,999,137,352,54,44
242504181.0,CC des Portes du Haut-Doubs,761,182,448,83,57
242504355.0,CC du Plateau de Russey,232,52,112,17,10
242504371.0,CC du Pays de Sancey-Belleherbe,166,47,89,18,16
242504447.0,CC du Doubs Baumois,576,163,326,50,39
242504488.0,CC Altitude 800,165,47,118,18,22
242504496.0,CC du Plateau de Frasne et du Val de Drugeon (CFD),176,32,132,17,29
242600252.0,CC du Val de Drôme,1701,449,798,151,191
242600492.0,CC Dieulefit-Bourdeaux,449,145,204,35,43
242600534.0,CC du Diois,837,299,271,49,81
242700276.0,CC du Pays de Conches,865,190,418,84,71
242700607.0,CC du Pays du Neubourg,805,221,616,74,74
242700623.0,CC Eure-Madrie-Seine,1362,308,768,143,172
242852465.0,CC du Bonnevalais,446,118,253,54,51
242900074.0,CC du Pays d'Iroise,1553,414,925,227,282
242900314.0,Brest Métropole,10853,2377,4795,1648,921
242900553.0,CC du Pays des Abers,1452,366,962,200,254
242900561.0,CC de Haute-Cornouaille,617,154,378,66,64
242900629.0,CC Cap Sizun - Pointe du Raz,653,145,260,52,73
242900645.0,CC Douarnenez Communauté,1111,294,519,124,111
242900660.0,CC du Pays Fouesnantais,1109,270,590,144,186
242900694.0,CA Quimperlé Communauté,2259,674,1475,294,288
242900702.0,CC du Pays Bigouden Sud,1589,395,814,241,198
242900710.0,CC du Haut Pays Bigouden,727,197,424,90,122
242900744.0,CC Poher communauté,601,141,337,65,54
242900751.0,CC du Pays de Landivisiau,1236,306,918,164,191
242900769.0,CA Concarneau Cornouaille Agglomération,2349,536,1198,243,339
242900793.0,CC Communauté Lesneven Côte des Légendes,1070,243,714,171,159
242900801.0,CC du Pays de Landerneau-Daoulas,1671,477,1150,257,221
242900835.0,CA Morlaix Communauté,2994,705,1644,408,375
243000270.0,CC du Pays Viganais,835,151,182,74,75
243000296.0,CC du Pays de Sommières,1433,355,543,103,167
243000569.0,"CC Rhony, Vistre, Vidourle",1451,336,673,137,241
243000585.0,CC Beaucaire Terre d'Argence,3009,466,988,212,242
243000593.0,CC de Petite Camargue,1899,345,756,219,204
243000643.0,CA de Nîmes Métropole,19194,3299,5830,1655,1546
243000650.0,CC Terre de Camargue,1981,290,489,70,171
243000684.0,CC du Pont du Gard,1502,267,560,119,180
243100518.0,Toulouse Métropole,49010,11586,21353,4940,5282
243100567.0,CC Lauragais Revel Sorezois,1017,308,486,120,139
243100633.0,CA du Sicoval,3128,770,1657,311,449
243100732.0,CC des Coteaux du Girou,747,219,461,77,169
243100773.0,CC de Val'Aïgo,771,194,442,68,155
243100781.0,CC de la Save au Touch,1602,360,998,207,277
243100815.0,CC des Coteaux Bellevue,640,163,415,57,140
243200391.0,CC de la Lomagne Gersoise,788,221,384,83,132
243200409.0,CC du Bas Armagnac,295,100,173,32,70
243200417.0,CC de la Tenarèze,636,199,364,47,77
243200425.0,CC Coeur d'Astarac en Gascogne,281,99,126,34,66
243200458.0,CC du Grand Armagnac,555,145,376,53,60
243200508.0,CC Bastides et Vallons du Gers,266,72,143,16,59
243200599.0,CC du Saves,302,107,195,29,58
243200607.0,CC Artagnan de Fezensac,215,79,114,23,43
243300316.0,Bordeaux Métropole,45895,11687,19941,4873,6215
243300563.0,CA Bassin d'Arcachon Sud-Pôle Atlantique (COBAS),3696,847,1327,275,733
243300811.0,CC de l'Estuaire,1034,206,510,76,92
243301165.0,CC Jalle-Eau-Bourde,961,272,577,103,183
243301181.0,CC Latitude Nord Gironde,1087,266,600,101,169
243301215.0,CC du Créonnais,709,188,381,76,111
243301223.0,CC du Grand Cubzaguais,1754,474,927,154,307
243301249.0,CC du Secteur de Saint-Loubès,1162,260,584,128,260
243301264.0,CC de Montesquieu,1569,394,803,191,405
243301355.0,CC des Coteaux Bordelais,727,193,372,76,123
243301371.0,CC du Pays Foyen,989,230,523,67,89
243301389.0,CC Médullienne,905,233,461,96,181
243301397.0,CC du Fronsadais,745,185,397,60,117
243301405.0,CC du Val de l'Eyre,844,214,475,93,241
243301439.0,CC des Portes de l'Entre-deux-Mers,799,222,386,96,176
243301447.0,CC Médoc Estuaire,1039,282,647,119,231
243301454.0,CC Castillon/Pujols,1166,271,520,91,132
243301504.0,CA du Bassin d'Arcachon Nord,3084,856,1503,280,697
243400017.0,Montpellier Méditerranée Métropole,35573,7730,12061,3568,2633
243400355.0,CC du Clermontais,1992,446,673,175,268
243400470.0,CA du Pays de l'Or,3559,722,1261,264,381
243400488.0,CC La Domitienne,1859,335,692,179,247
243400520.0,CC du Pays de Lunel,3988,814,1445,347,392
243400694.0,CC Vallée de l'Hérault,2337,605,967,242,317
243400736.0,CC des Cévennes Gangeoises et Suménoises,1015,204,286,80,97
243400769.0,CA de Béziers-Méditerranée,10582,1667,2787,936,935
243400819.0,CA Hérault-Méditerranée,7715,1158,1760,478,657
243500139.0,Métropole Rennes Métropole,21502,5935,11508,2995,2264
243500550.0,CC Montfort Communauté,691,225,574,94,138
243500618.0,CC de Brocéliande,567,207,495,85,126
243500634.0,CC de la Roche aux Fées,783,214,628,113,167
243500659.0,CC Pays de Châteaugiron Communauté,726,210,606,114,139
243500667.0,CC du Val d'Ille-Aubigné,1134,370,855,177,185
243500725.0,CC Côte d'Émeraude,1445,393,637,141,203
243500733.0,CC Bretagne Romantique,1294,407,923,205,189
243500741.0,CA Redon Agglomération,2973,791,1913,341,328
243500774.0,CC Liffré-Cormier Communauté,705,211,600,118,110
243500782.0,CA du Pays de Saint Malo Agglomération,3933,1109,1999,494,501
243600202.0,CC Chabris - Pays de Bazelle,211,68,107,14,16
243600236.0,CC du Pays d'Issoudun,989,200,498,81,57
243600293.0,CC de la Région de Levroux,229,59,117,25,17
243600301.0,CC Val de l'Indre - Brenne,527,144,285,49,36
243600319.0,CC Brenne - Val de Creuse,622,161,288,78,44
243600327.0,CA Châteauroux Métropole,4090,922,1803,404,325
243600343.0,CC Coeur de Brenne,158,31,72,14,17
243600350.0,CC de la Châtre et Sainte-Sévère,653,165,295,47,49
243700499.0,CC du Castelrenaudais,705,190,402,64,82
243700754.0,Tours Métropole Val de Loire,16801,4170,7474,2095,1483
243700820.0,CC de Bléré Val de Cher,801,211,505,81,102
243800604.0,CA Porte de l'Isère (C.A.P.I),5428,1236,2979,521,647
243800745.0,CC de l'Oisans,381,168,619,16,72
243800935.0,CC Lyon Saint Exupéry en Dauphiné,1231,256,654,93,115
243800984.0,CA du Pays Voironnais,3546,933,1731,371,437
243801024.0,CC du Massif du Vercors,409,230,298,42,94
243801073.0,CC de Bièvre Est,743,212,469,85,119
243801255.0,CC des Collines du Nord Dauphiné,712,179,430,65,166
243900354.0,CC de la Station des Rousses-Haut Jura,281,77,180,21,17
243900412.0,CC Jura Sud,271,49,168,25,18
243900420.0,CC du Val d'Amour,268,101,173,58,29
243900479.0,CC du Haut-Jura - ARCADE,425,98,197,30,46
243900560.0,CC Jura Nord,349,114,263,47,38
243900610.0,CC La Grandvallière,204,59,117,13,11
243900719.0,CC du Pays des Lacs,235,71,120,23,20
243901071.0,CC de la Région d'Orgelet,190,44,92,18,28
243901089.0,CC de la Plaine Jurassienne,283,83,190,54,23
244000543.0,CC de Mimizan,827,168,303,76,102
244000659.0,CC du Seignanx,1333,366,739,147,205
244000675.0,CA du Grand Dax,3090,836,1528,375,469
244000691.0,CC du Pays Morcenais,447,88,233,29,71
244000766.0,CC du Pays Tarusate,752,221,438,74,141
244000774.0,CC du Pays de Villeneuve en Armagnac Landais,251,61,140,27,45
244000808.0,CA Mont-de-Marsan Agglomération,2351,528,1339,365,408
244000824.0,CC du Pays Grenadois,262,79,192,20,55
244000857.0,CC Côte Landes Nature,773,173,268,43,101
244000865.0,CC Maremne Adour Côte Sud,4448,1068,1745,397,760
244000873.0,CC des Grands Lacs,2014,440,769,172,332
244000881.0,CC Coteaux et Vallées des Luys,244,77,169,38,61
244100293.0,CC des Collines du Perche,239,68,96,50,25
244100780.0,CC de la Sologne des Étangs,307,87,186,30,53
244100798.0,CC du Grand Chambord,586,189,448,71,104
244100806.0,CC de la Sologne des Rivières,423,115,226,29,49
244200614.0,CC des Vals d'Aix et Isable,215,58,109,13,49
244200622.0,CC des Monts du Pilat,475,161,298,53,54
244200630.0,CC du Pays entre Loire et Rhône,395,112,283,44,106
244200770.0,Saint-Etienne Métropole,22999,4945,10289,2230,1860
244200820.0,CC du Pays d'Urfé,183,56,84,17,21
244200895.0,CC du Pilat Rhodanien,563,196,398,45,99
244300307.0,CC du Pays de Montfaucon,275,75,186,41,42
244301016.0,CC des Sucs,643,164,432,88,88
244301099.0,CC Auzon Communauté,366,117,305,50,32
244301107.0,CC du Haut-Lignon,304,55,167,36,69
244301123.0,CC des Pays de Cayres et de Pradelles,194,44,70,17,21
244301131.0,CC Loire et Semène,734,170,495,154,100
244400404.0,Nantes Métropole,34065,8640,18033,3646,3795
244400438.0,CC de Grand Lieu,1226,389,1031,166,224
244400453.0,CC de la Région de Blain,532,175,460,84,95
244400503.0,CC d'Erdre et Gesvres,1903,556,1468,252,323
244400537.0,CC de Nozay,499,194,392,71,109
244400552.0,CC du Pays d'Ancenis,2298,703,1999,323,461
244400586.0,CC du Sud-Estuaire,1215,341,856,144,119
244400610.0,CA de la Presqu'île de Guérande Atlantique (Cap Atlantique),3566,839,1514,326,508
244400644.0,CA de la Région Nazairienne et de l'Estuaire (CARENE),6785,1662,3763,764,646
244500203.0,CA Montargoise et Rives du Loing (A.M.E.),4542,757,1605,340,264
244500211.0,CC Giennoises,1434,273,664,99,101
244500419.0,CC des Quatre Vallées,781,169,323,51,72
244500427.0,CC des Loges,1393,368,942,148,172
244500468.0,Orléans Métropole,15240,3425,8254,1685,1216
244500484.0,CC de la Forêt,470,120,411,59,55
244500542.0,CC de la Plaine du Nord Loiret,251,48,170,23,31
244600433.0,CC de la Vallée du Lot et du Vignoble,734,176,270,50,93
244600482.0,CC Quercy - Bouriane,527,115,190,66,42
244600532.0,CC du Pays de Lalbenque-Limogne,423,102,154,45,62
244600573.0,CC du Causse de Labastide-Murat,158,53,49,15,24
244700449.0,CC du Pays de Duras,202,57,166,18,39
244700464.0,CC du Pays de Lauzun,403,121,212,54,59
244701355.0,CC des Coteaux et Landes de Gascogne,598,159,250,49,65
244701405.0,CC Lot et Tolzac,350,90,179,19,59
244800405.0,CC Coeur de Lozère,538,123,265,115,74
244800470.0,CC du Gévaudan,275,68,192,57,49
244900015.0,CU Angers Loire Métropole,18033,4388,8595,1832,1612
244900809.0,CC Anjou Bleu Communauté,1501,429,918,194,165
244900882.0,CC Baugeois Vallée,1503,443,1056,168,200
245100615.0,CC de la Grande Vallée de la Marne,419,145,314,40,76
245100888.0,CC de la Brie Champenoise,315,80,105,32,39
245100979.0,CC du Sud Marnais,299,67,185,26,35
245200597.0,CC des Trois Forêts,225,64,120,28,41
245300223.0,CC du Pays de Meslay-Grez,424,121,356,71,66
245300355.0,CC de l'Ernée,519,153,395,90,136
245300389.0,CC du Bocage Mayennais,516,106,325,65,103
245300447.0,CC du Pays de Château-Gontier,952,307,852,132,150
245400171.0,CC Moselle et Madon,964,253,471,117,112
245400189.0,CC des Pays du Sel et du Vermois,1195,225,499,124,117
245400262.0,CA de Longwy,3127,400,1038,310,179
245400510.0,CC du Pays de Colombey et du Sud Toulois,342,72,220,53,45
245400601.0,CC du Bassin de Pompey,1736,348,792,179,156
245400676.0,Métropole du Grand Nancy,13848,2569,4830,1724,1171
245400759.0,CC du Pays du Sanon,171,51,100,33,32
245500327.0,CC du Sammiellois,476,63,190,42,48
245501176.0,CC du Territoire de Fresnes-en-Woëvre,189,45,91,21,35
245501184.0,CC du Pays de Revigny-sur-Ornain,250,79,166,34,32
245501242.0,CC du Pays d'Étain,364,78,155,38,45
245501259.0,CC du Pays de Montmédy,261,43,106,20,31
245600440.0,CC de Blavet Bellevue Océan,577,186,414,85,104
245600465.0,CC de Belle-Île-en-Mer,426,89,81,12,48
245614383.0,CC Questembert Communauté,917,285,605,133,118
245614417.0,CC Roi Morvan Communauté,1116,320,545,85,97
245614433.0,CC Pontivy Communauté,1885,432,1100,282,235
245700133.0,CC du District Urbain de Faulquemont (DUF),1015,233,483,139,73
245700372.0,CA de Forbach Porte de France,5204,769,1378,482,482
245700398.0,CC de Freyming-Merlebach,2113,384,743,200,192
245700695.0,CC de Cattenom et Environs,768,111,283,80,71
245700950.0,CC du Pays de Phalsbourg,538,134,339,86,75
245701164.0,CC du Warndt,1088,237,423,88,65
245701206.0,CC du Saulnois,1053,240,475,132,179
245701222.0,CA du Val de Fensch,4252,678,1562,348,413
245701271.0,CC du Pays Orne Moselle,2819,554,1314,252,253
245701354.0,CC de l'Arc Mosellan,1127,194,568,145,114
245701362.0,CA Portes de France-Thionville,4049,677,1397,443,339
245701404.0,CC du Pays Haut Val d'Alzette,1239,136,401,69,72
245801063.0,CC Loire et Allier,177,46,116,15,20
245804406.0,CA de Nevers,2765,578,1233,370,232
245804497.0,CC du Nivernais Bourbonnais,193,44,100,16,26
245900410.0,Métropole Européenne de Lille,72544,13920,26145,7361,6645
245900428.0,CU de Dunkerque,13405,2462,4969,1491,1153
245900758.0,CC Flandre Lys,1543,402,860,170,206
245901038.0,CC du Pays Solesmois,820,146,348,91,79
245901061.0,CC de la Haute-Deûle,987,186,495,78,112
245901152.0,CC Coeur d'Ostrevent,4997,810,2015,401,514
245901160.0,CA Valenciennes Métropole,14245,2103,4794,1363,1182
246000129.0,CC du Liancourtois,981,223,484,115,83
246000376.0,CC du Clermontois,1536,319,750,235,155
246000566.0,CC du Plateau Picard,1270,305,712,165,119
246000582.0,CC des Sablons,1930,379,803,179,205
246000707.0,CC du Vexin-Thelle,780,181,342,60,105
246000749.0,CC des Lisières de l'Oise,692,154,358,60,67
246000756.0,CC du Pays Noyonnais,1985,444,887,195,184
246000764.0,CC de l'Aire Cantilienne,1618,290,631,131,190
246000772.0,CC des Deux Vallées,1046,264,592,89,81
246000848.0,CC de la Picardie Verte,1592,298,760,122,106
246000855.0,CC du Pays des Sources,815,212,531,74,95
246000871.0,CC du Pays de Valois,2121,534,1202,184,117
246000897.0,CC de la Plaine d'Estrées,560,148,400,60,74
246000913.0,CC du Pays de Bray,865,160,423,101,97
246000921.0,CC des Pays d'Oise et d'Halatte,1554,306,768,159,134
246100390.0,CC du Val d'Orne,206,56,120,14,28
246100663.0,CU d'Alençon,2782,561,1041,317,308
246200299.0,CA d'Hénin-Carvin,7895,1645,3766,705,684
246200364.0,CA de Lens - Liévin,15126,2873,6728,1612,1216
246200380.0,CC de la Terre des Deux Caps,1015,252,471,122,148
246200729.0,CA du Boulonnais,7217,1621,3170,1039,665
246200844.0,CC de la Région d'Audruicq,1167,324,668,115,174
246201016.0,CC du Pays de Lumbres,875,255,545,109,102
246201149.0,CA du Calaisis,7329,1410,2700,931,594
246300701.0,Clermont Auvergne Métropole,14224,3402,6890,1430,1008
246300966.0,CC du Massif du Sancy,486,200,253,12,39
246301097.0,CC Entre Dore et Allier,795,188,481,72,101
246400337.0,CC de la Vallée d'Ossau,338,148,242,43,80
246401756.0,CC Pays de Nay,958,298,609,121,169
246500482.0,CC de la Haute-Bigorre,850,211,404,87,80
246500573.0,CC Aure-Louron,271,124,333,24,55
246600282.0,CC Sud-Roussillon,2040,302,587,140,180
246600373.0,CC du Vallespir,1655,291,413,143,154
246600399.0,CC Pyrénées Cerdagne,385,114,243,30,45
246600415.0,CC Roussillon-Conflent,1523,239,539,100,105
246600423.0,CC Agly Fenouillèdes,441,76,117,24,61
246600449.0,CC des Aspres,1544,338,577,138,133
246600464.0,CC Pyrénées catalanes,264,103,320,24,30
246600548.0,CC du Haut Vallespir,842,139,162,63,70
246700306.0,CC de la Vallée de la Bruche,735,220,475,78,46
246700488.0,Eurométropole de Strasbourg,29624,6099,11326,2878,1974
246700744.0,CC des Portes de Rosheim,523,145,335,68,72
246700777.0,CC de la Vallée de Villé,335,84,180,50,31
246700843.0,CC de la Basse-Zorn,534,115,264,56,37
246700926.0,CC du Pays de Wissembourg,660,161,195,64,46
246700959.0,CC du Pays de la Zorn,393,117,217,47,88
246700967.0,CC de Sélestat,1687,368,877,181,143
246701064.0,CC de la Région de Molsheim-Mutzig,1290,315,845,147,127
246701080.0,CC du Pays de Sainte-Odile,679,191,482,79,67
246701098.0,CC du Pays de Niederbronn-les-Bains,930,204,434,86,69
246800205.0,CC de la Vallée de Saint-Amarin,518,117,217,42,51
246800395.0,CC du Val d'Argent,474,70,206,46,40
246800445.0,CC du Centre du Haut-Rhin,576,134,272,54,46
246800494.0,"CC du Pays de Rouffach, Vignobles et Châteaux",371,93,196,52,42
246800551.0,CC de la Vallée de Kaysersberg,522,165,282,52,55
246800569.0,CC de la Région de Guebwiller,1851,374,733,177,151
246800577.0,CC du Pays de Ribeauvillé,567,141,292,58,106
246800585.0,CC de la Vallée de Munster,578,136,250,51,51
246800676.0,CC de la Vallée de la Doller et du Soultzbach,567,127,306,84,58
246800726.0,CA Colmar Agglomération,5407,1087,2477,524,432
246900575.0,CC de l'Est Lyonnais (CCEL),1210,253,659,122,199
246900625.0,CC du Pays de l'Arbresle (CCPA),1249,333,740,148,296
246900724.0,CC des Vallons du Lyonnais (CCVL),856,245,463,109,201
246900740.0,CC du Pays Mornantais (COPAMO),778,187,480,84,175
246900757.0,CC de la Vallée du Garon (CCVG),1061,233,507,87,149
246900765.0,CC du Pays de l'Ozon,824,190,391,67,191
247000011.0,CA de Vesoul,1594,306,699,236,106
247000367.0,CC des Combes,271,55,139,38,17
247000623.0,CC des Quatre Rivières,324,97,193,40,35
247000664.0,CC du Pays de Lure,991,178,478,114,104
247000698.0,CC des Monts de Gy,206,75,149,38,21
247000706.0,CC du Pays Riolais,352,112,268,90,45
247000714.0,CC du Pays de Villersexel,293,74,168,31,37
247000722.0,CC du Pays d'Héricourt,1003,204,476,120,101
247000755.0,CC du Pays de Luxeuil,799,159,319,84,78
247000821.0,CC Rahin et Chérimont,510,96,290,61,49
247000854.0,CC des 1000 étangs,366,79,203,27,36
247100290.0,CU Le Creusot Montceau-les-Mines,4666,980,2322,530,315
247100589.0,CA Le Grand Chalon,5363,1329,3038,577,366
247100639.0,CC de Marcigny,210,56,110,25,22
247100647.0,CC Bresse Nord Intercom,244,57,127,20,14
247103765.0,CC Entre Saône et Grosne,400,111,289,31,28
247103864.0,CC du Canton de Semur-en-Brionnais,150,55,105,14,18
247104094.0,CC Sud Côte Chalonnaise,371,120,253,35,32
247200090.0,CC de Sablé-sur-Sarthe,1268,391,964,156,151
247200132.0,CU Le Mans Métropole,13833,3033,5959,1328,1315
247200348.0,CC du Pays Fléchois,1184,301,833,153,122
247200421.0,CC du Sud Est du Pays Manceau,475,150,390,91,95
247200447.0,CC Orée de Bercé - Belinois,620,211,482,89,120
247200629.0,CC du Val de Sarthe,901,286,891,135,159
247200686.0,CC du Pays de l'Huisne Sarthoise,1111,346,847,127,133
247300015.0,CC des Vallées d'Aigueblanche,235,71,126,25,33
247300254.0,CC de Haute-Tarentaise,508,178,497,29,73
247300262.0,CC de Yenne,278,71,139,31,34
247300361.0,CC du Canton de la Chambre,223,93,136,18,22
247300452.0,CC Maurienne Galibier,128,61,112,8,22
247300528.0,CC Val Guiers,496,126,257,39,47
247300668.0,CC du Lac d'Aiguebelette (CCLA),204,67,97,23,35
247300676.0,CC Porte de Maurienne,214,52,124,24,22
247300817.0,CC Les Versants d'Aime,267,120,272,19,49
247400047.0,CC de la Vallée Verte,304,62,131,22,28
247400112.0,CC du Pays de Cruseilles,538,111,228,34,45
247400567.0,CC Fier et Usses,544,126,282,57,41
247400583.0,CC Arve et Salève,818,142,279,68,67
247400617.0,CC des Vallées de Thônes,434,199,498,50,122
247400666.0,CC des Quatre Rivières,737,158,306,57,82
247400682.0,CC du Haut-Chablais,281,184,459,24,79
247400690.0,CC du Genevois,2336,329,509,87,137
247400724.0,CC du Pays Rochois,1061,203,466,89,151
247400740.0,CC Rumilly Terre de Savoie,1031,270,670,105,194
247400773.0,CC des Sources du Lac d'Annecy,595,155,348,45,76
247600505.0,CC Campagne-de-Caux,478,144,319,54,66
247600588.0,CC des Villes Soeurs,2013,498,907,178,163
247600604.0,CC de Londinières,201,60,127,13,29
247600620.0,CC Yvetot Normandie,1095,246,632,109,148
247600646.0,CC Caux - Austreberthe,1042,251,710,125,153
247600729.0,CC Falaises du Talou,1030,291,630,87,88
247600786.0,CA de la Région Dieppoise,3104,705,1143,311,191
247700032.0,CC Moret Seine et Loing,1560,315,590,115,173
247700057.0,CA Melun Val de Seine,7682,1402,2902,664,584
247700065.0,CC du Pays de l'Ourcq,906,134,323,37,72
247700107.0,CC Pays de Montereau,2761,438,783,178,174
247700339.0,CA Val d'Europe Agglomération,1514,259,591,184,191
247700438.0,CC Pays Créçois,1196,234,510,99,161
247700594.0,CA Marne et Gondoire,4695,793,1755,345,519
247700644.0,CC l'Orée de la Brie,1042,165,435,83,150
247700701.0,CC Brie Nangissienne,1197,220,473,102,121
247800550.0,CC du Pays Houdanais (C.C.P.H.),924,207,381,78,143
247800584.0,CA Versailles Grand Parc (C.A.V.G.P.),8624,1781,2844,693,976
247800618.0,CC Coeur d'Yvelines,1482,291,512,116,245
247900798.0,CC du Thouarsais,1464,413,987,203,120
248000499.0,CC du Val de Somme,1051,239,650,117,73
248000531.0,CA Amiens Métropole,11535,2256,4807,1366,820
248000747.0,CC du Pays du Coquelicot,1416,310,744,144,90
248100158.0,CC du Sor et de l'Agout,947,232,514,138,210
248100430.0,CA de Castres Mazamet,4397,941,1781,524,693
248100497.0,CC Val 81,208,38,81,28,39
248100737.0,CA de l'Albigeois (C2A),4390,896,1763,660,593
248100745.0,CC Thoré Montagne Noire,222,61,97,22,40
248200016.0,CC des Deux Rives,1005,272,470,113,103
248200057.0,CC du Quercy Caussadais,1208,272,485,98,106
248200065.0,CC de la Lomagne Tarn-et-Garonnaise,505,91,199,31,34
248200099.0,CA Grand Montauban,4991,991,2031,486,519
248200107.0,CC du Quercy Rouergue et des Gorges de l'Aveyron,483,105,115,20,59
248300394.0,CA Sud Sainte-Baume,3003,733,977,252,464
248300410.0,CC de la Vallée du Gapeau,1309,284,492,147,254
248300493.0,CA Dracénoise,6617,1205,2038,525,947
248300543.0,Métropole Toulon-Provence-Méditerranée,24069,4808,7891,2408,2929
248300550.0,CC Coeur du Var,2472,475,866,243,350
248400053.0,CA Ventoux-Comtat-Venaissin (COVE),4919,921,1960,459,583
248400160.0,CC Aygues-Ouvèze en Provence (CCAOP),972,214,500,90,120
248400236.0,CC du Pays Réuni d'Orange,3174,603,1252,290,267
248400251.0,CA du Grand Avignon (COGA),14417,2721,5076,1228,1404
248400285.0,CC Territoriale Sud-Luberon,1364,299,518,99,201
248400293.0,CC des Sorgues du Comtat,3161,652,1399,270,429
248400319.0,CC du Pays des Sorgues et des Monts de Vaucluse,2053,401,791,150,260
248400335.0,CC Vaison Ventoux,962,223,348,68,89
248500191.0,CC de l'Île de Noirmoutier,564,118,171,26,63
248500258.0,CC Océan Marais de Monts,1201,249,505,77,122
248500340.0,CC Pays de Chantonnay,791,237,687,123,139
248500415.0,CC du Pays de la Châtaigneraie,548,147,353,57,118
248500464.0,CC du Pays de Pouzauges,792,259,608,136,101
248500530.0,CC du Pays des Achards,826,197,527,87,118
248500563.0,"CC Vendée, Sèvre, Autise",623,179,440,68,117
248500589.0,CA La Roche-sur-Yon Agglomération,4797,1189,2731,591,648
248500621.0,CC du Pays des Herbiers,1041,349,869,172,155
248500662.0,CC du Pays de Mortagne,764,265,692,127,116
248600413.0,CA Grand Châtellerault,3563,969,2177,558,273
248600447.0,CC du Pays Loudunais,1073,358,658,160,86
248700189.0,CC du Pays de Saint-Yrieix,443,113,266,47,54
248719262.0,CC Gartempe - Saint-Pardoux,163,52,106,23,20
248719288.0,CC du Val de Vienne,413,133,295,67,80
248719312.0,CU Limoges Métropole,9870,2327,4356,1363,1004
248719338.0,CC Briance-Combade,166,59,105,19,30
248719353.0,CC des Portes de Vassivière,240,63,81,20,18
248719361.0,CC de Noblat,437,118,222,46,57
248900334.0,CA du Grand Sénonais,3168,664,1513,324,238
248900383.0,CC de l'Agglomération Migennoise,765,180,383,111,45
248900524.0,CC de l'Aillantais,338,102,246,36,23
248900664.0,CC de la Vanne et du Pays d'Othe,385,80,194,33,27
248900748.0,CC du Gâtinais en Bourgogne,640,157,407,58,41
248900896.0,CC Yonne Nord,966,199,535,93,54
248900938.0,CC du Jovinien,1041,251,499,100,59
249000241.0,CC du Sud Territoire,1335,229,504,81,92
249100074.0,CC du Pays de Limours (CCPL),646,101,234,60,132
249100157.0,CC des Deux Vallées,569,115,205,30,76
249100546.0,CC du Val d'Essonne (CCVE),1864,344,814,177,213
249100553.0,CC Entre Juine et Renarde (CCEJR),810,173,349,84,119
249100595.0,CC Le Dourdannais en Hurepoix (CCDH),879,208,339,85,156
249500109.0,CA de Cergy-Pontoise,12465,1970,4232,845,1004
249500430.0,CC Sausseron Impressionnistes,631,134,207,54,93
249500455.0,CC de la Vallée de l'Oise et des Trois Forêts,1365,271,505,126,224
249500489.0,CC du Haut Val d'Oise,2071,329,730,167,189
249500513.0,CC du Vexin-Val de Seine,694,113,243,43,82
249710047.0,CC de Marie-Galante,1206,130,127,110,28
249710062.0,CA du Nord Basse-Terre,9009,735,1179,494,226
249710070.0,CA Grand Sud Caraïbe,10793,769,1190,521,215
249720053.0,CA de l'Espace Sud de la Martinique,12107,1417,2192,720,573
249720061.0,CA du Centre de la Martinique,15536,1775,2704,1248,687
249730037.0,CC de l'Ouest Guyanais,5102,154,202,222,482
249730045.0,CA du Centre Littoral,11917,744,1204,756,846
249730052.0,CC de l'Est Guyanais,698,13,20,44,46
249740077.0,CA CIVIS (Communauté Intercommunale des VIlles Solidaires),30299,2922,3746,1049,3042
249740085.0,CA du Sud,21907,2017,2595,941,1938
249740093.0,CA Intercommunale de la Réunion Est (CIREST),18325,1348,1964,744,1388
249740101.0,CA Territoire de la Côte Ouest (TCO),33168,3440,4901,1345,2673
249740119.0,CA Intercommunale du Nord de la Réunion (CINOR),27572,2803,4029,1321,2174
,Hors EPCI,3608,1009,905,1714,162
